,cc_delinquency,cc_chargeoff,consumer_loan_delinquency,debt_service_ratio,financial_obligations,ci_loan_tightening_large,revolving_credit,real_disposable_income,pce,unemployment,hy_spread,bbb_spread
2000-01-31,4.43,4.53,3.47,,16.645686,10.9,614846.55,9799.9,6542.9,4.0,,
2000-02-29,4.43,4.53,3.47,,16.645686,10.9,617332.56,9837.9,6625.3,4.1,,
2000-03-31,4.43,4.53,3.47,,16.645686,10.9,622510.97,9864.0,6686.5,4.0,,
2000-04-30,4.51,4.1,3.53,,16.75542,24.6,625735.94,9913.7,6679.1,3.8,,
2000-05-31,4.51,4.1,3.53,,16.75542,24.6,631857.15,9954.5,6709.7,4.0,,
2000-06-30,4.51,4.1,3.53,,16.75542,24.6,639158.55,9982.3,6746.9,4.0,,
2000-07-31,4.53,4.23,3.56,,16.873239,33.9,646927.01,10035.9,6768.5,4.0,,
2000-08-31,4.53,4.23,3.56,,16.873239,33.9,656021.89,10098.3,6802.8,4.1,,
2000-09-30,4.53,4.23,3.56,,16.873239,33.9,661996.81,10110.3,6888.6,3.9,,
2000-10-31,4.57,4.34,3.63,,17.069215,43.9,667948.15,10139.2,6893.8,3.9,,
2000-11-30,4.57,4.34,3.63,,17.069215,43.9,673994.74,10143.5,6909.8,3.9,,
2000-12-31,4.57,4.34,3.63,,17.069215,43.9,682646.37,10164.3,6952.2,3.9,,
2001-01-31,4.81,4.65,3.63,,17.166227,59.6,686761.5,10211.7,6987.4,4.2,,
2001-02-28,4.81,4.65,3.63,,17.166227,59.6,697982.51,10223.4,7001.8,4.2,,
2001-03-31,4.81,4.65,3.63,,17.166227,59.6,702560.77,10254.4,6996.7,4.3,,
2001-04-30,4.94,5.21,3.68,,17.422887,50.9,707447.02,10233.1,7004.2,4.4,,
2001-05-31,4.94,5.21,3.68,,17.422887,50.9,709590.51,10214.7,7052.8,4.3,,
2001-06-30,4.94,5.21,3.68,,17.422887,50.9,712002.55,10218.1,7069.7,4.5,,
2001-07-31,5.0,5.52,3.72,,17.30701,40.4,707890.02,10370.7,7082.3,4.6,,
2001-08-31,5.0,5.52,3.72,,17.30701,40.4,706691.34,10543.1,7121.7,4.9,,
2001-09-30,5.0,5.52,3.72,,17.30701,40.4,707262.63,10452.8,7007.0,5.0,,
2001-10-31,4.69,6.28,3.64,,17.785072,50.9,705408.52,10267.7,7212.9,5.3,,
2001-11-30,4.69,6.28,3.64,,17.785072,50.9,712658.74,10279.7,7182.3,5.5,,
2001-12-31,4.69,6.28,3.64,,17.785072,50.9,714840.73,10298.9,7166.7,5.7,,
2002-01-31,4.94,7.78,3.6,,17.449867,45.5,714781.5,10514.7,7184.6,5.7,,
2002-02-28,4.94,7.78,3.6,,17.449867,45.5,714822.1,10531.6,7225.2,5.7,,
2002-03-31,4.94,7.78,3.6,,17.449867,45.5,719956.04,10539.0,7243.4,5.7,,
2002-04-30,4.78,6.19,3.51,,17.289057,25.0,725227.7,10574.2,7312.5,5.9,,
2002-05-31,4.78,6.19,3.51,,17.289057,25.0,728364.1,10616.5,7288.9,5.8,,
2002-06-30,4.78,6.19,3.51,,17.289057,25.0,732813.38,10648.2,7322.5,5.8,,
2002-07-31,4.89,6.18,3.49,,17.277368,21.4,736264.46,10621.0,7387.3,5.8,,
2002-08-31,4.89,6.18,3.49,,17.277368,21.4,740489.45,10623.0,7412.6,5.7,,
2002-09-30,4.89,6.18,3.49,,17.277368,21.4,743326.36,10633.6,7391.5,5.7,,
2002-10-31,4.84,5.48,3.45,,17.205065,20.0,747939.58,10661.8,7435.2,5.7,,
2002-11-30,4.84,5.48,3.45,,17.205065,20.0,749906.22,10690.9,7463.8,5.9,,
2002-12-31,4.84,5.48,3.45,,17.205065,20.0,750947.45,10719.9,7519.9,6.0,,
2003-01-31,4.68,5.83,3.42,,17.204955,22.0,754789.4,10710.4,7541.3,5.8,,
2003-02-28,4.68,5.83,3.42,,17.204955,22.0,758601.34,10674.0,7548.6,5.9,,
2003-03-31,4.68,5.83,3.42,,17.204955,22.0,759655.21,10696.5,7611.5,5.9,,
2003-04-30,4.53,5.96,3.31,,17.105042,8.9,760752.43,10752.7,7634.5,6.0,,
2003-05-31,4.53,5.96,3.31,,17.105042,8.9,763704.74,10832.0,7650.3,6.1,,
2003-06-30,4.53,5.96,3.31,,17.105042,8.9,763814.88,10860.6,7699.6,6.3,,
2003-07-31,4.24,5.57,3.1,,16.875832,3.4,764388.66,10991.1,7757.0,6.2,,
2003-08-31,4.24,5.57,3.1,,16.875832,3.4,766324.4,11066.7,7852.1,6.1,,
2003-09-30,4.24,5.57,3.1,,16.875832,3.4,766041.92,10940.8,7853.7,6.1,,
2003-10-31,4.43,5.95,3.28,,16.962792,0.0,765535.19,10982.3,7867.4,6.0,,
2003-11-30,4.43,5.95,3.28,,16.962792,0.0,765007.92,11048.4,7922.6,5.8,,
2003-12-31,4.43,5.95,3.28,,16.962792,0.0,768258.31,11057.2,7950.4,5.7,,
2004-01-31,4.21,5.47,3.13,,16.964501,-17.9,770672.5,11051.2,8007.1,5.7,,
2004-02-29,4.21,5.47,3.13,,16.964501,-17.9,772362.27,11071.0,8040.4,5.6,,
2004-03-31,4.21,5.47,3.13,,16.964501,-17.9,778092.48,11115.6,8098.8,5.8,,
2004-04-30,4.15,5.27,3.1,,16.883793,-22.8,775554.79,11153.3,8107.2,5.6,,
2004-05-31,4.15,5.27,3.1,,16.883793,-22.8,778088.65,11208.9,8176.5,5.6,,
2004-06-30,4.15,5.27,3.1,,16.883793,-22.8,779731.22,11215.8,8157.6,5.6,,
2004-07-31,4.07,4.47,3.05,,17.031182,-20.0,786087.14,11240.5,8236.9,5.5,,
2004-08-31,4.07,4.47,3.05,,17.031182,-20.0,787011.66,11274.6,8271.6,5.4,,
2004-09-30,4.07,4.47,3.05,,17.031182,-20.0,793635.81,11279.6,8341.5,5.4,,
2004-10-31,4.03,4.65,3.03,,17.024978,-21.1,796696.49,11282.5,8397.1,5.5,,
2004-11-30,4.03,4.65,3.03,,17.024978,-21.1,797184.97,11246.1,8444.5,5.4,,
2004-12-31,4.03,4.65,3.03,,17.024978,-21.1,799552.18,11659.0,8504.4,5.4,,
2005-01-31,3.7,4.7,2.91,7.303833,17.488082,-23.6,804635.76,11226.5,8497.7,5.3,,
2005-02-28,3.7,4.7,2.91,7.303833,17.488082,-23.6,804107.29,11229.0,8559.1,5.4,,
2005-03-31,3.7,4.7,2.91,7.303833,17.488082,-23.6,804639.97,11268.8,8598.4,5.2,,
2005-04-30,3.67,4.26,2.85,7.239296,17.500823,-24.1,810558.39,11304.2,8678.4,5.2,,
2005-05-31,3.67,4.26,2.85,7.239296,17.500823,-24.1,809211.55,11352.7,8671.6,5.1,,
2005-06-30,3.67,4.26,2.85,7.239296,17.500823,-24.1,814181.65,11375.5,8753.4,5.0,,
2005-07-31,3.9,4.34,2.8,7.258264,17.537797,-16.7,814908.46,11387.1,8853.8,5.0,,
2005-08-31,3.9,4.34,2.8,7.258264,17.537797,-16.7,817842.41,11405.3,8850.1,4.9,,
2005-09-30,3.9,4.34,2.8,7.258264,17.537797,-16.7,819651.75,11365.2,8900.4,5.0,,
2005-10-31,3.54,6.07,2.69,7.306876,17.523044,-8.8,821082.67,11428.7,8938.5,5.0,,
2005-11-30,3.54,6.07,2.69,7.306876,17.523044,-8.8,825878.08,11500.1,8946.2,5.0,,
2005-12-31,3.54,6.07,2.69,7.306876,17.523044,-8.8,829518.36,11535.2,8981.1,4.9,,
2006-01-31,3.86,3.18,2.78,7.090829,17.494816,-10.7,879577.12,11651.8,9071.6,4.7,,
2006-02-28,3.86,3.18,2.78,7.090829,17.494816,-10.7,885289.73,11702.8,9096.0,4.8,,
2006-03-31,3.86,3.18,2.78,7.090829,17.494816,-10.7,888243.58,11747.5,9132.9,4.7,,
2006-04-30,4.13,3.44,2.92,6.93645,17.549172,-12.3,893526.92,11744.4,9191.6,4.7,,
2006-05-31,4.13,3.44,2.92,6.93645,17.549172,-12.3,899471.33,11736.8,9231.8,4.6,,
2006-06-30,4.13,3.44,2.92,6.93645,17.549172,-12.3,897483.31,11751.9,9259.6,4.6,,
2006-07-31,4.12,3.83,2.96,7.028664,17.697125,-8.9,898676.63,11746.9,9343.8,4.7,,
2006-08-31,4.12,3.83,2.96,7.028664,17.697125,-8.9,903924.28,11737.0,9342.2,4.7,,
2006-09-30,4.12,3.83,2.96,7.028664,17.697125,-8.9,907814.35,11800.1,9375.4,4.5,,
2006-10-31,3.95,3.69,2.94,7.052577,17.816743,0.0,911614.51,11853.7,9393.6,4.4,,
2006-11-30,3.95,3.69,2.94,7.052577,17.816743,0.0,917346.18,11901.9,9400.2,4.5,,
2006-12-31,3.95,3.69,2.94,7.052577,17.816743,0.0,923876.78,11958.6,9488.3,4.4,,
2007-01-31,3.98,4.02,2.93,6.978163,17.83359,0.0,927629.46,11956.6,9538.7,4.6,,
2007-02-28,3.98,4.02,2.93,6.978163,17.83359,0.0,933355.8,11996.0,9566.0,4.5,,
2007-03-31,3.98,4.02,2.93,6.978163,17.83359,0.0,938463.58,12035.1,9611.7,4.4,,
2007-04-30,4.02,3.73,2.99,6.916833,17.881412,-3.8,941386.51,12052.8,9643.6,4.5,,
2007-05-31,4.02,3.73,2.99,6.916833,17.881412,-3.8,950626.04,12059.9,9685.8,4.4,,
2007-06-30,4.02,3.73,2.99,6.916833,17.881412,-3.8,953925.09,12053.3,9706.8,4.6,,
2007-07-31,4.41,3.9,3.2,6.859151,18.022181,7.5,958322.31,12066.4,9751.1,4.7,,
2007-08-31,4.41,3.9,3.2,6.859151,18.022181,7.5,968225.62,12070.9,9798.9,4.6,,
2007-09-30,4.41,3.9,3.2,6.859151,18.022181,7.5,975499.77,12089.6,9845.1,4.7,,
2007-10-31,4.6,4.31,3.4,6.894569,18.15763,19.2,982852.85,12080.4,9882.7,4.7,,
2007-11-30,4.6,4.31,3.4,6.894569,18.15763,19.2,994565.28,12070.1,9955.9,4.7,,
2007-12-31,4.6,4.31,3.4,6.894569,18.15763,19.2,1001625.3,12120.5,9972.8,5.0,,
2008-01-31,4.77,4.77,3.49,6.864136,18.063885,32.1,1008034.46,12137.1,9996.4,5.0,,
2008-02-29,4.77,4.77,3.49,6.864136,18.063885,32.1,1014944.46,12141.8,9981.7,4.9,,
2008-03-31,4.77,4.77,3.49,6.864136,18.063885,32.1,1016772.0,12145.9,10035.3,5.1,,
2008-04-30,4.9,5.26,3.56,6.702785,17.608756,55.4,1018531.96,12100.8,10070.3,5.0,,
2008-05-31,4.9,5.26,3.56,6.702785,17.608756,55.4,1019636.96,12696.2,10132.3,5.4,,
2008-06-30,4.9,5.26,3.56,6.702785,17.608756,55.4,1019322.07,12376.6,10187.1,5.6,,
2008-07-31,4.8,5.77,3.71,6.788641,17.766641,57.7,1018363.9,12188.7,10185.1,5.8,,
2008-08-31,4.8,5.77,3.71,6.788641,17.766641,57.7,1017430.52,12120.6,10175.7,6.1,,
2008-09-30,4.8,5.77,3.71,6.788641,17.766641,57.7,1012560.94,12149.0,10116.4,6.1,,
2008-10-31,5.64,6.52,4.27,6.895996,17.772964,83.6,1016461.34,12240.5,10034.1,6.5,,
2008-11-30,5.64,6.52,4.27,6.895996,17.772964,83.6,1010482.06,12345.9,9885.2,6.8,,
2008-12-31,5.64,6.52,4.27,6.895996,17.772964,83.6,1003997.04,12288.8,9801.5,7.3,,
2009-01-31,6.51,7.69,4.67,6.861352,17.745354,64.2,1007215.24,12361.5,9847.2,7.8,,
2009-02-28,6.51,7.69,4.67,6.861352,17.745354,64.2,998876.18,12241.9,9824.5,8.3,,
2009-03-31,6.51,7.69,4.67,6.861352,17.745354,64.2,984512.63,12242.7,9773.2,8.7,,
2009-04-30,6.77,9.31,4.85,6.70505,17.40518,39.6,980666.14,12320.0,9772.5,9.0,,
2009-05-31,6.77,9.31,4.85,6.70505,17.40518,39.6,966760.34,12500.1,9791.6,9.4,,
2009-06-30,6.77,9.31,4.85,6.70505,17.40518,39.6,963147.09,12273.2,9852.4,9.5,,
2009-07-31,6.49,10.22,4.7,6.679269,17.33792,31.5,960217.34,12218.7,9886.3,9.5,,
2009-08-31,6.49,10.22,4.7,6.679269,17.33792,31.5,952045.04,12194.8,10004.1,9.6,,
2009-09-30,6.49,10.22,4.7,6.679269,17.33792,31.5,947923.26,12230.6,9927.8,9.8,,
2009-10-31,6.33,10.54,4.59,6.597484,17.021457,14.0,940392.11,12193.2,9976.7,10.0,,
2009-11-30,6.33,10.54,4.59,6.597484,17.021457,14.0,924820.91,12224.4,9985.7,9.9,,
2009-12-31,6.33,10.54,4.59,6.597484,17.021457,14.0,916076.63,12280.2,10052.6,9.9,,
2010-01-31,5.78,10.51,4.72,6.375334,16.708639,-5.5,909531.16,12285.8,10056.1,9.8,,
2010-02-28,5.78,10.51,4.72,6.375334,16.708639,-5.5,902330.23,12292.0,10093.4,9.8,,
2010-03-31,5.78,10.51,4.72,6.375334,16.708639,-5.5,897879.61,12340.3,10156.0,9.9,,
2010-04-30,5.1,10.43,4.25,6.139001,16.315847,-7.1,896602.91,12447.1,10182.3,9.9,,
2010-05-31,5.1,10.43,4.25,6.139001,16.315847,-7.1,882595.44,12540.3,10210.8,9.6,,
2010-06-30,5.1,10.43,4.25,6.139001,16.315847,-7.1,877043.12,12544.3,10231.3,9.4,,
2010-07-31,4.58,8.77,4.0,6.069181,16.122662,-8.8,873223.28,12554.2,10268.1,9.4,,
2010-08-31,4.58,8.77,4.0,6.069181,16.122662,-8.8,866784.93,12591.4,10307.1,9.5,,
2010-09-30,4.58,8.77,4.0,6.069181,16.122662,-8.8,862090.68,12589.9,10327.1,9.5,,
2010-10-31,4.14,7.91,3.63,6.012881,15.962874,-10.5,855380.39,12592.5,10386.4,9.4,,
2010-11-30,4.14,7.91,3.63,6.012881,15.962874,-10.5,851023.71,12605.1,10433.6,9.8,,
2010-12-31,4.14,7.91,3.63,6.012881,15.962874,-10.5,839102.67,12680.6,10471.0,9.3,,
2011-01-31,3.82,6.93,3.43,5.808322,15.720879,-10.5,835418.27,12740.1,10514.3,9.1,,
2011-02-28,3.82,6.93,3.43,5.808322,15.720879,-10.5,833744.99,12776.6,10540.6,9.0,,
2011-03-31,3.82,6.93,3.43,5.808322,15.720879,-10.5,835667.93,12742.7,10619.7,9.0,,
2011-04-30,3.65,5.31,3.27,5.680167,15.635795,-16.4,834226.14,12721.3,10652.1,9.1,,
2011-05-31,3.65,5.31,3.27,5.680167,15.635795,-16.4,832510.72,12705.3,10672.2,9.0,,
2011-06-30,3.65,5.31,3.27,5.680167,15.635795,-16.4,836248.43,12756.9,10694.8,9.1,,
2011-07-31,3.45,5.85,3.13,5.738914,15.516659,-21.8,836459.22,12805.6,10731.6,9.0,,
2011-08-31,3.45,5.85,3.13,5.738914,15.516659,-21.8,836213.6,12799.7,10750.3,9.0,,
2011-09-30,3.45,5.85,3.13,5.738914,15.516659,-21.8,838293.07,12781.7,10783.2,9.0,,
2011-10-31,3.25,4.63,3.07,5.694596,15.43146,-5.9,838235.09,12791.9,10802.9,8.8,,
2011-11-30,3.25,4.63,3.07,5.694596,15.43146,-5.9,842069.65,12782.7,10806.8,8.6,,
2011-12-31,3.25,4.63,3.07,5.694596,15.43146,-5.9,840164.23,12898.5,10817.8,8.5,,
2012-01-31,3.06,4.24,2.93,5.431999,15.221059,5.4,840484.51,12967.5,10896.8,8.3,,
2012-02-29,3.06,4.24,2.93,5.431999,15.221059,5.4,842731.81,13029.6,10987.2,8.3,,
2012-03-31,3.06,4.24,2.93,5.431999,15.221059,5.4,842774.94,13066.4,10993.9,8.2,,
2012-04-30,2.92,3.95,2.84,5.353789,15.131447,-6.9,838276.76,13116.5,11018.5,8.2,,
2012-05-31,2.92,3.95,2.84,5.353789,15.131447,-6.9,839975.12,13112.5,11006.8,8.2,,
2012-06-30,2.92,3.95,2.84,5.353789,15.131447,-6.9,838818.52,13097.2,10989.8,8.2,,
2012-07-31,2.82,3.93,2.78,5.461713,15.280715,-9.5,837490.26,12999.8,11016.8,8.2,,
2012-08-31,2.82,3.93,2.78,5.461713,15.280715,-9.5,841409.15,12961.6,11056.0,8.1,,
2012-09-30,2.82,3.93,2.78,5.461713,15.280715,-9.5,841567.54,13053.1,11105.3,7.8,,
2012-10-31,2.71,3.84,2.63,5.34876,14.879423,-7.6,843409.68,13142.0,11137.4,7.8,,
2012-11-30,2.71,3.84,2.63,5.34876,14.879423,-7.6,845827.77,13315.7,11178.4,7.7,,
2012-12-31,2.71,3.84,2.63,5.34876,14.879423,-7.6,839980.84,13642.7,11181.2,7.9,,
2013-01-31,2.64,3.7,2.56,5.486141,15.468993,-7.4,844794.66,12845.5,11252.4,8.0,,
2013-02-28,2.64,3.7,2.56,5.486141,15.468993,-7.4,850406.45,12813.9,11290.5,7.7,,
2013-03-31,2.64,3.7,2.56,5.486141,15.468993,-7.4,849563.63,12852.1,11290.1,7.5,,
2013-04-30,2.53,3.47,2.48,5.388403,15.374732,-19.1,847856.23,12893.4,11281.1,7.6,,
2013-05-31,2.53,3.47,2.48,5.388403,15.374732,-19.1,851751.63,12954.2,11321.6,7.5,,
2013-06-30,2.53,3.47,2.48,5.388403,15.374732,-19.1,850688.48,12955.7,11344.4,7.5,,
2013-07-31,2.44,3.37,2.4,5.465768,15.336067,-18.1,850854.89,12941.8,11372.6,7.3,,
2013-08-31,2.44,3.37,2.4,5.465768,15.336067,-18.1,852378.38,12969.6,11406.6,7.2,,
2013-09-30,2.44,3.37,2.4,5.465768,15.336067,-18.1,853263.62,13027.5,11445.9,7.2,,
2013-10-31,2.38,3.37,2.37,5.581301,15.375387,-8.3,856964.62,12974.6,11498.0,7.2,,
2013-11-30,2.38,3.37,2.37,5.581301,15.375387,-8.3,852439.84,12998.9,11562.5,6.9,,
2013-12-31,2.38,3.37,2.37,5.581301,15.375387,-8.3,854138.8,13019.1,11593.2,6.7,,
2014-01-31,2.32,3.24,2.32,5.501082,15.279788,-13.7,860896.56,13079.5,11578.8,6.6,,
2014-02-28,2.32,3.24,2.32,5.501082,15.279788,-13.7,866697.65,13148.0,11636.9,6.7,,
2014-03-31,2.32,3.24,2.32,5.501082,15.279788,-13.7,868753.38,13219.9,11722.3,6.7,,
2014-04-30,2.26,3.31,2.27,5.398777,15.190771,-11.1,875086.45,13270.2,11762.3,6.2,,
2014-05-31,2.26,3.31,2.27,5.398777,15.190771,-11.1,878555.19,13312.9,11807.3,6.3,,
2014-06-30,2.26,3.31,2.27,5.398777,15.190771,-11.1,878415.09,13360.4,11861.7,6.1,,
2014-07-31,2.2,3.07,2.2,5.41658,15.151267,-10.7,884171.75,13386.8,11904.4,6.2,,
2014-08-31,2.2,3.07,2.2,5.41658,15.151267,-10.7,886133.52,13445.9,11983.7,6.1,,
2014-09-30,2.2,3.07,2.2,5.41658,15.151267,-10.7,887169.15,13486.3,11991.4,5.9,,
2014-10-31,2.15,3.01,2.09,5.485705,15.072617,-10.5,889798.43,13550.7,12064.7,5.7,,
2014-11-30,2.15,3.01,2.09,5.485705,15.072617,-10.5,882173.75,13624.4,12083.9,5.8,,
2014-12-31,2.15,3.01,2.09,5.485705,15.072617,-10.5,887381.64,13719.1,12096.1,5.6,,
2015-01-31,2.11,2.94,2.01,5.440567,15.088066,-5.5,881033.59,13797.7,12066.7,5.7,,
2015-02-28,2.11,2.94,2.01,5.440567,15.088066,-5.5,884751.64,13848.0,12116.6,5.5,,
2015-03-31,2.11,2.94,2.01,5.440567,15.088066,-5.5,890777.97,13811.3,12176.1,5.4,,
2015-04-30,2.12,2.92,1.98,5.462149,15.119851,-5.3,898602.06,13842.0,12209.1,5.4,,
2015-05-31,2.12,2.92,1.98,5.462149,15.119851,-5.3,900342.45,13865.6,12275.4,5.6,,
2015-06-30,2.12,2.92,1.98,5.462149,15.119851,-5.3,905490.7,13874.1,12307.9,5.3,,
2015-07-31,2.15,2.94,2.0,5.552797,15.187556,-7.0,911442.36,13905.7,12364.9,5.2,,
2015-08-31,2.15,2.94,2.0,5.552797,15.187556,-7.0,914594.11,13935.8,12396.2,5.1,,
2015-09-30,2.15,2.94,2.0,5.552797,15.187556,-7.0,920698.87,13972.2,12386.4,5.0,,
2015-10-31,2.16,2.93,2.01,5.712101,15.140882,7.4,921731.24,13996.9,12394.9,5.0,,
2015-11-30,2.16,2.93,2.01,5.712101,15.140882,7.4,917819.55,13993.4,12423.2,5.1,,
2015-12-31,2.16,2.93,2.01,5.712101,15.140882,7.4,898082.65,14060.2,12452.0,5.0,,
2016-01-31,2.15,3.04,1.99,5.672489,15.109428,8.2,903391.27,14121.1,12478.0,4.8,,
2016-02-29,2.15,3.04,1.99,5.672489,15.109428,8.2,907247.94,14135.3,12554.5,4.9,,
2016-03-31,2.15,3.04,1.99,5.672489,15.109428,8.2,920927.83,14135.4,12537.0,5.0,,
2016-04-30,2.21,3.02,2.05,5.698569,15.223628,11.6,926777.57,14106.2,12611.5,5.1,,
2016-05-31,2.21,3.02,2.05,5.698569,15.223628,11.6,926207.93,14095.5,12652.7,4.8,,
2016-06-30,2.21,3.02,2.05,5.698569,15.223628,11.6,934914.74,14104.9,12731.2,4.9,,
2016-07-31,2.29,3.05,2.07,5.77874,15.259559,8.5,940893.83,14160.1,12756.7,4.8,,
2016-08-31,2.29,3.05,2.07,5.77874,15.259559,8.5,945450.2,14176.7,12788.1,4.9,,
2016-09-30,2.29,3.05,2.07,5.77874,15.259559,8.5,950383.25,14209.1,12846.6,5.0,,
2016-10-31,2.37,3.49,2.16,5.880502,15.176146,1.5,949019.77,14235.4,12867.0,4.9,,
2016-11-30,2.37,3.49,2.16,5.880502,15.176146,1.5,953427.45,14273.6,12893.0,4.7,,
2016-12-31,2.37,3.49,2.16,5.880502,15.176146,1.5,960095.49,14313.7,13005.9,4.7,,
2017-01-31,2.4,3.46,2.17,5.744385,15.047829,1.4,963412.14,14373.7,13063.7,4.7,,
2017-02-28,2.4,3.46,2.17,5.744385,15.047829,1.4,969194.19,14416.8,13088.4,4.6,,
2017-03-31,2.4,3.46,2.17,5.744385,15.047829,1.4,974868.85,14476.3,13139.9,4.4,,
2017-04-30,2.49,3.51,2.22,5.787649,14.962171,-2.8,978104.15,14509.3,13169.2,4.4,,
2017-05-31,2.49,3.51,2.22,5.787649,14.962171,-2.8,980279.99,14610.7,13171.9,4.4,,
2017-06-30,2.49,3.51,2.22,5.787649,14.962171,-2.8,985028.53,14618.7,13225.2,4.3,,
2017-07-31,2.54,3.58,2.27,5.841407,14.929608,-3.9,988170.45,14660.2,13263.3,4.3,,
2017-08-31,2.54,3.58,2.27,5.841407,14.929608,-3.9,992523.1,14678.3,13294.6,4.4,,
2017-09-30,2.54,3.58,2.27,5.841407,14.929608,-3.9,998846.97,14706.0,13417.3,4.3,,
2017-10-31,2.48,3.69,2.25,5.873756,14.906151,-8.5,1005844.63,14748.6,13447.5,4.2,,
2017-11-30,2.48,3.69,2.25,5.873756,14.906151,-8.5,1011810.7,14771.1,13540.6,4.2,,
2017-12-31,2.48,3.69,2.25,5.873756,14.906151,-8.5,1016806.6,14797.9,13666.1,4.1,,
2018-01-31,2.5,3.66,2.27,5.720556,14.8156,-10.0,1022645.86,14886.6,13703.3,4.0,,
2018-02-28,2.5,3.66,2.27,5.720556,14.8156,-10.0,1024831.9,14921.1,13738.7,4.1,,
2018-03-31,2.5,3.66,2.27,5.720556,14.8156,-10.0,1028766.03,14974.8,13793.2,4.0,,
2018-04-30,2.5,3.61,2.25,5.714119,14.748986,-11.3,1025126.26,15007.2,13838.4,4.0,,
2018-05-31,2.5,3.61,2.25,5.714119,14.748986,-11.3,1027283.18,15057.8,13905.0,3.8,,
2018-06-30,2.5,3.61,2.25,5.714119,14.748986,-11.3,1025346.97,15119.3,13930.4,4.0,,
2018-07-31,2.52,3.65,2.3,5.706194,14.710258,-15.9,1035824.78,15184.7,13974.8,3.8,,
2018-08-31,2.52,3.65,2.3,5.706194,14.710258,-15.9,1042274.79,15238.6,14014.0,3.8,,
2018-09-30,2.52,3.65,2.3,5.706194,14.710258,-15.9,1044435.9,15237.5,14017.8,3.7,,
2018-10-31,2.54,3.66,2.34,5.751042,14.713973,-15.9,1050200.23,15274.1,14083.1,3.8,,
2018-11-30,2.54,3.66,2.34,5.751042,14.713973,-15.9,1052273.29,15315.2,14162.9,3.8,,
2018-12-31,2.54,3.66,2.34,5.751042,14.713973,-15.9,1053847.44,15506.5,14051.6,3.9,,
2019-01-31,2.54,3.7,2.32,5.658215,14.662523,2.8,1060871.35,15536.3,14084.6,4.0,,
2019-02-28,2.54,3.7,2.32,5.658215,14.662523,2.8,1063152.34,15560.4,14117.4,3.8,,
2019-03-31,2.54,3.7,2.32,5.658215,14.662523,2.8,1063183.99,15566.5,14248.6,3.8,,
2019-04-30,2.59,3.67,2.35,5.693626,14.734329,-4.2,1069911.76,15534.2,14290.0,3.7,,
2019-05-31,2.59,3.67,2.35,5.693626,14.734329,-4.2,1073219.5,15532.4,14353.3,3.6,,
2019-06-30,2.59,3.67,2.35,5.693626,14.734329,-4.2,1071356.44,15562.1,14408.7,3.6,,
2019-07-31,2.6,3.68,2.33,5.749423,14.743116,-2.8,1082725.64,15581.4,14496.0,3.7,,
2019-08-31,2.6,3.68,2.33,5.749423,14.743116,-2.8,1084058.65,15664.3,14558.2,3.6,,
2019-09-30,2.6,3.68,2.33,5.749423,14.743116,-2.8,1084272.68,15697.5,14590.6,3.5,,
2019-10-31,2.61,3.77,2.35,5.809335,14.712765,5.4,1087260.79,15718.1,14617.4,3.6,,
2019-11-30,2.61,3.77,2.35,5.809335,14.712765,5.4,1077235.11,15766.9,14711.0,3.6,,
2019-12-31,2.61,3.77,2.35,5.809335,14.712765,5.4,1091988.88,15683.8,14774.8,3.6,,
2020-01-31,2.69,3.75,2.46,5.675003,14.609145,0.0,1076066.6,15842.8,14868.3,3.6,,
2020-02-29,2.69,3.75,2.46,5.675003,14.609145,0.0,1081538.96,15900.3,14828.1,3.5,,
2020-03-31,2.69,3.75,2.46,5.675003,14.609145,0.0,1062207.46,15702.3,13812.8,4.4,,
2020-04-30,2.45,3.84,2.0,4.711485,13.25135,41.5,1005102.9,18015.3,12249.2,14.8,,
2020-05-31,2.45,3.84,2.0,4.711485,13.25135,41.5,980419.13,17110.0,13281.5,13.2,,
2020-06-30,2.45,3.84,2.0,4.711485,13.25135,41.5,973452.87,17050.2,14049.2,11.0,,
2020-07-31,1.99,3.51,1.81,4.841462,13.671569,71.2,971303.2,17202.9,14307.2,10.2,,
2020-08-31,1.99,3.51,1.81,4.841462,13.671569,71.2,961387.23,16542.0,14462.2,8.4,,
2020-09-30,1.99,3.51,1.81,4.841462,13.671569,71.2,964357.67,16633.7,14668.1,7.8,,
2020-10-31,2.1,2.68,1.94,4.98942,13.963118,37.7,961050.49,16573.6,14725.8,6.9,,
2020-11-30,2.1,2.68,1.94,4.98942,13.963118,37.7,953267.65,16381.8,14701.6,6.7,,
2020-12-31,2.1,2.68,1.94,4.98942,13.963118,37.7,954603.43,16397.7,14822.0,6.7,,
2021-01-31,1.88,2.84,1.69,4.290047,12.429408,5.5,951410.1,18194.0,15073.0,6.4,,
2021-02-28,1.88,2.84,1.69,4.290047,12.429408,5.5,955382.31,16697.3,14983.5,6.2,,
2021-03-31,1.88,2.84,1.69,4.290047,12.429408,5.5,952080.8,20520.0,15709.7,6.1,,
2021-04-30,1.59,2.42,1.53,4.641932,13.59272,-15.1,952144.46,17420.7,15917.5,6.1,,
2021-05-31,1.59,2.42,1.53,4.641932,13.59272,-15.1,960451.8,16922.4,15973.5,5.8,,
2021-06-30,1.59,2.42,1.53,4.641932,13.59272,-15.1,985552.64,16838.1,16191.7,5.9,,
2021-07-31,1.53,1.76,1.52,4.71616,13.863365,-32.4,990634.82,16949.3,16239.7,5.4,,
2021-08-31,1.53,1.76,1.52,4.71616,13.863365,-32.4,994035.02,16917.1,16412.9,5.1,,
2021-09-30,1.53,1.76,1.52,4.71616,13.863365,-32.4,1005471.37,16728.5,16489.6,4.7,,
2021-10-31,1.57,1.63,1.55,4.799247,14.014557,-18.2,1013717.84,16733.5,16704.2,4.5,,
2021-11-30,1.57,1.63,1.55,4.799247,14.014557,-18.2,1026365.94,16686.4,16849.8,4.1,,
2021-12-31,1.57,1.63,1.55,4.799247,14.014557,-18.2,1033546.93,16610.8,16891.0,3.9,,
2022-01-31,1.69,1.74,1.65,4.844083,14.30573,-14.5,1043043.0,16206.1,16993.8,4.0,,
2022-02-28,1.69,1.74,1.65,4.844083,14.30573,-14.5,1054708.34,16207.6,17106.0,3.9,,
2022-03-31,1.69,1.74,1.65,4.844083,14.30573,-14.5,1077503.17,16127.2,17347.2,3.7,,
2022-04-30,1.83,1.89,1.8,4.991675,14.348671,-1.5,1091128.82,16125.5,17490.0,3.7,,
2022-05-31,1.83,1.89,1.8,4.991675,14.348671,-1.5,1100547.3,16103.0,17574.5,3.6,,
2022-06-30,1.83,1.89,1.8,4.991675,14.348671,-1.5,1120168.09,16062.9,17755.2,3.6,,
2022-07-31,2.05,2.05,1.92,4.989056,14.35168,24.2,1129894.02,16270.4,17770.1,3.5,,
2022-08-31,2.05,2.05,1.92,4.989056,14.35168,24.2,1144930.67,16367.3,17916.5,3.6,,
2022-09-30,2.05,2.05,1.92,4.989056,14.35168,24.2,1155439.56,16423.8,17992.8,3.5,,
2022-10-31,2.26,2.5,2.07,5.113313,14.397505,39.1,1167445.0,16476.3,18109.6,3.6,,
2022-11-30,2.26,2.5,2.07,5.113313,14.397505,39.1,1183888.99,16502.7,18108.0,3.6,,
2022-12-31,2.26,2.5,2.07,5.113313,14.397505,39.1,1192639.7,16578.2,18116.5,3.5,,
2023-01-31,2.47,2.88,2.22,4.985661,14.123631,44.8,1199848.64,16906.9,18449.1,3.5,,
2023-02-28,2.47,2.88,2.22,4.985661,14.123631,44.8,1204657.9,16998.2,18491.6,3.6,,
2023-03-31,2.47,2.88,2.22,4.985661,14.123631,44.8,1220942.04,17098.8,18520.4,3.5,,
2023-04-30,2.75,3.26,2.37,5.036824,14.109284,46.0,1232543.71,17135.3,18641.8,3.4,,
2023-05-31,2.75,3.26,2.37,5.036824,14.109284,46.0,1241274.52,17196.7,18664.6,3.6,4.5925,1.76
2023-06-30,2.75,3.26,2.37,5.036824,14.109284,46.0,1247629.97,17216.3,18773.0,3.6,4.294090909090909,1.6913636363636364
2023-07-31,2.94,3.7,2.52,5.131606,14.198002,50.8,1255755.94,17250.6,18884.2,3.5,3.9371428571428573,1.5547619047619048
2023-08-31,2.94,3.7,2.52,5.131606,,50.8,1271810.03,17275.3,18953.3,3.7,3.9030434782608694,1.518695652173913
2023-09-30,2.94,3.7,2.52,5.131606,,50.8,1277927.44,17282.2,19048.1,3.7,3.889090909090909,1.5045454545454546
2023-10-31,3.1,4.17,2.61,5.460111,,33.9,1282359.38,17341.3,19109.4,3.9,4.3554545454545455,1.5872727272727274
2023-11-30,3.1,4.17,2.61,5.460111,,33.9,1301585.93,17427.1,19178.9,3.7,3.985909090909091,1.5004545454545453
2023-12-31,3.1,4.17,2.61,5.460111,,33.9,1298865.89,17481.7,19283.5,3.8,3.5742857142857143,1.340952380952381
2024-01-31,3.17,4.43,2.67,5.396335,,14.5,1308351.47,17575.4,19303.3,3.7,3.5459090909090913,1.2663636363636364
2024-02-29,3.17,4.43,2.67,5.396335,,14.5,1319462.37,17596.2,19446.5,3.9,3.3600000000000003,1.217142857142857
2024-03-31,3.17,4.43,2.67,5.396335,,14.5,1320920.6,17617.0,19581.8,3.9,3.18047619047619,1.189047619047619
2024-04-30,3.22,4.59,2.72,5.318408,,15.6,1322883.53,17638.6,19665.7,3.9,3.227272727272727,1.1436363636363636
2024-05-31,3.22,4.59,2.72,5.318408,,15.6,1331284.5,17713.3,19758.0,3.9,3.11695652173913,1.1078260869565217
2024-06-30,3.22,4.59,2.72,5.318408,,15.6,1330878.94,17751.1,19844.5,4.1,3.2,1.1533333333333333
2024-07-31,3.2,4.64,2.73,5.394534,,7.9,1337484.66,17743.2,19949.5,4.2,3.1552173913043475,1.1552173913043478
2024-08-31,3.2,4.64,2.73,5.394534,,7.9,1340184.49,17752.9,20001.3,4.2,3.3660869565217393,1.241304347826087
2024-09-30,3.2,4.64,2.73,5.394534,,7.9,1342480.89,17769.9,20147.6,4.1,3.258095238095238,1.1985714285714284
2024-10-31,3.08,4.56,2.76,5.433013,,0.0,1352433.61,17810.5,20226.0,4.1,2.930434782608696,1.078695652173913
2024-11-30,3.08,4.56,2.76,5.433013,,0.0,1342090.49,17851.4,20313.6,4.2,2.6963636363636363,1.0113636363636365
2024-12-31,3.08,4.56,2.76,5.433013,,0.0,1296965.62,17867.9,20514.3,4.1,2.755238095238095,1.002857142857143
2025-01-31,3.06,4.46,2.77,5.343481,,6.2,1301982.23,17889.8,20462.2,4.0,2.7204545454545457,1.020909090909091
2025-02-28,3.06,4.46,2.77,5.343481,,6.2,1304274.47,17910.5,20519.8,4.2,2.7085,1.022
2025-03-31,3.06,4.46,2.77,5.343481,,6.2,1292802.55,18029.1,20683.0,4.2,3.1714285714285713,1.137142857142857
2025-04-30,3.04,4.21,2.75,5.298177,,18.5,1299129.25,18132.9,20746.4,4.2,4.034761904761905,1.3761904761904762
2025-05-31,3.04,4.21,2.75,5.298177,,18.5,1299722.4,17980.9,20755.0,4.3,3.354347826086957,1.2152173913043478
2025-06-30,3.04,4.21,2.75,5.298177,,18.5,1301742.19,17962.1,20868.4,4.1,3.125238095238095,1.103809523809524
2025-07-31,2.98,4.15,2.72,5.369278,,9.5,1310351.97,18040.9,21007.3,4.3,2.889130434782609,1.0130434782608695
2025-08-31,2.98,4.15,2.72,5.369278,,9.5,1308162.07,18076.9,21123.8,4.3,2.902727272727273,0.9945454545454545
2025-09-30,2.98,4.15,2.72,5.369278,,9.5,1312713.48,18094.6,21202.4,4.4,2.788181818181818,0.9736363636363635
2025-10-31,2.94,4.07,2.62,5.400247,,6.5,1317148.1,18063.1,21288.1,,2.924782608695652,0.9860869565217392
2025-11-30,2.94,4.07,2.62,,,6.5,1316163.19,18078.6,21356.0,4.5,3.080952380952381,1.0561904761904761
2025-12-31,2.94,4.07,2.62,,,6.5,1324321.51,18070.6,21445.9,4.4,2.8918181818181816,1.0145454545454546
2026-01-31,2.92,3.84,2.64,,,5.3,1326575.31,18187.0,21525.5,4.3,2.7404545454545453,0.9677272727272727
2026-02-28,,,,,,5.3,1326953.92,18118.9,21665.1,4.4,2.9195238095238096,0.9928571428571429
2026-03-31,,,,,,5.3,1336987.42,18108.7,21860.5,4.3,3.1872727272727275,1.1018181818181818
